Type,Name,Request Count,Failure Count,Median Response Time,Average Response Time,Min Response Time,Max Response Time,Average Content Size,Requests/s,Failures/s,50%,66%,75%,80%,90%,95%,98%,99%,99.9%,99.99%,100%
GET,/service1,6429,2167,2800,13982.442214963447,0,58288,0.0,21.466848103321883,7.235753591522558,2800,16000,27000,33000,45000,51000,55000,56000,58000,58000,58000
GET,/service2,6491,6344,60000,38913.753967031276,0,60147,0.0,21.673870125783537,21.183027588656717,60000,60000,60000,60000,60000,60000,60000,60000,60000,60000,60000
,Aggregated,12920,8511,16000,26507.917801857584,0,60147,0.0,43.14071822910542,28.418781180179273,16000,53000,60000,60000,60000,60000,60000,60000,60000,60000,60000
