Type,Name,Request Count,Failure Count,Median Response Time,Average Response Time,Min Response Time,Max Response Time,Average Content Size,Requests/s,Failures/s,50%,66%,75%,80%,90%,95%,98%,99%,99.9%,99.99%,100%
GET,/service1,3454,3073,60000,50295.568905616674,0,60133,0.0,11.517917767611587,10.24741207292137,60000,60000,60000,60000,60000,60000,60000,60000,60000,60000,60000
GET,/service2,3513,3149,60000,50484.30145175064,0,60143,0.0,11.714662743954692,10.500846279736216,60000,60000,60000,60000,60000,60000,60000,60000,60000,60000,60000
,Aggregated,6967,6222,60000,50390.73431893211,0,60143,0.0,23.23258051156628,20.748258352657587,60000,60000,60000,60000,60000,60000,60000,60000,60000,60000,60000
